{"HG21-NVAL": "417", "CD1-NLEU": "235", "HH21-ARG": "452", "N-CTYR": "1204", "OD2-CASP": "911", "CD-ARG": "442", "H-CASN": "888", "HB2-CASN": "892", "HB2-CASP": "907", "OE2-CGLU": "968", "HD2-TYR": "832", "HG2-ARG": "440", "H2-NTRP": "357", "HB2-CPRO": "1145", "CG-CTYR": "1211", "HE1-CMET": "1110", "CE2-CTRP": "1191", "CB-CSER": "1156", "H3-NHID": "148", "H3-NHIE": "167", "N-CGLY": "972", "CD-GLU": "569", "H-CLYS": "1076", "HA-GLN": "545", "HA-CALA": "854", "HB-THR": "781", "C-GLH": "540", "HA-CTYR": "1207", "C-GLN": "557", "HD21-LEU": "666", "C-CARG": "884", "CH3-NME": "1248", "HZ-PHE": "744", "HD1-CHYP": "1274", "H3-NHIP": "186", "C-GLU": "572", "C-GLY": "579", "CG-CHYP": "1271", "OXT-CSER": "1163", "OE2-NGLU": "133", "HD3-LYN": "683", "HB2-CYM": "501", "C-NHIE": "181", "C-NHID": "162", "HB3-GLN": "548", "C-NTHR": "353", "HB2-CHYP": "1276", "CB-CMET": "1102", "ND1-HID": "589", "HB2-CYS": "510", "HD1-TYR": "823", "CB-CASN": "891", "HZ3-CLYS": "1094", "CZ2-NTRP": "370", "H1-NTHR": "340", "H-CALA": "852", "C-NHIP": "201", "HG-LEU": "660", "CD-PRO": "752", "HB3-CHYP": "1277", "HB3-CASN": "893", "HE2-NHIE": "178", "HB3-NTRP": "363", "HB2-NASN": "52", "CD-CGLN": "948", "CA-HIP": "617", "HB2-NASP": "68", "HA-NGLN": "105", "CB-CLYS": "1079", "HG3-MET": "723", "HG2-NLYS": "255", "HB3-CASP": "908", "HB3-NARG": "27", "HD1-NPHE": "299", "C-NILE": "222", "HA-NTRP": "360", "HE1-NHID": "158", "HE1-NHIE": "176", "CA-CHIE": "1000", "CD1-CILE": "1048", "HG3-GLN": "551", "HG12-NILE": "216", "H-CCYX": "928", "HG23-CVAL": "1239", "HE2-CTYR": "1220", "H-CHIE": "999", "CZ2-CTRP": "1192", "HE3-LYN": "686", "HE1-NHIP": "196", "CG-NTYR": "390", "CD-CLYS": "1085", "HB3-CSER": "1158", "HG3-GLU": "568", "H3-NPRO": "312", "CG-ASP": "490", "OXT-CLEU": "1074", "HH12-ARG": "450", "CE-NMET": "282", "H-VAL": "836", "CA-PHE": "733", "CD2-NPHE": "306", "HB2-CGLU": "961", "CD-GLN": "552", "HB2-CGLN": "943", "HH11-ARG": "449", "HA-CASP": "905", "CG-GLN": "549", "HD21-ASN": "479", "CA-TYR": "816", "C-LYS": "712", "CG-NTRP": "364", "N-NTRP": "355", "HD23-LEU": "668", "N-NHE": "1243", "C-CHIP": "1032", "HG2-CLYS": "1083", "CZ3-CTRP": "1196", "CE-MET": "725", "N-ILE": "633", "OE1-NGLN": "113", "HZ3-NTRP": "375", "H3-NLEU": "227", "HE1-MET": "726", "HD21-CASN": "897", "C-CHID": "995", "C-PRO": "763", "OE1-NGLU": "132", "HA-PRO": "762", "CB-CILE": "1039", "HB3-CGLU": "962", "HD2-ASH": "466", "OXT-CMET": "1115", "HA-THR": "779", "HG23-NTHR": "350", "HD12-NLEU": "237", "CD1-CTRP": "1187", "CE1-NHIP": "195", "HZ1-CLYS": "1092", "HB3-CPHE": "1122", "C-CPRO": "1149", "HB2-ASH": "461", "HG2-NMET": "279", "CE1-NPHE": "300", "HB2-ASN": "474", "HB2-ASP": "488", "HB3-ASN": "475", "CB-SER": "769", "SD-NMET": "281", "CE1-NHIE": "175", "H1-NARG": "20", "HD3-CLYS": "1087", "CD1-CPHE": "1124", "HA-NTYR": "386", "C-SER": "774", "CA-CHIP": "1018", "CD2-CTRP": "1200", "HA-CTRP": "1182", "CE-CLYS": "1088", "CA-NCYX": "92", "H-ASH": "457", "HB3-CGLN": "944", "CB-CGLN": "942", "O-PRO": "764", "HH2-TRP": "806", "HB2-HIP": "620", "CD1-CTYR": "1212", "HG3-NMET": "280", "HA3-NGLY": "142", "C-CILE": "1052", "CA-CHID": "982", "HG2-MET": "722", "HE2-TYR": "830", "HA-NMET": "274", "CD2-NTYR": "400", "H2-NSER": "328", "N-NMET": "269", "C-NLEU": "243", "HE22-GLN": "556", "C-ALA": "430", "SG-NCYS": "84", "CD2-NTRP": "378", "HA-NASN": "50", "CB-CHYP": "1275", "HE1-CTRP": "1190", "HG-CCYS": "923", "HA-NASP": "66", "C-NARG": "43", "CG-LYN": "678", "CB-CPHE": "1120", "CB-NILE": "209", "HE3-CMET": "1112", "O-TRP": "813", "HA-LYS": "695", "O-VAL": "850", "HB2-CLEU": "1060", "CB-NMET": "275", "CG1-CVAL": "1232", "HA-CHIE": "1001", "HG23-VAL": "848", "HG3-CLYS": "1084", "N-NILE": "203", "HB3-CLEU": "1061", "C-CASP": "912", "H3-NTHR": "342", "HD12-CILE": "1050", "CE1-NTYR": "393", "CA-CTYR": "1206", "CH2-TRP": "805", "CA-CTRP": "1181", "HD2-CHID": "994", "HE22-CGLN": "952", "HZ3-NLYS": "266", "HA-CPHE": "1119", "HE2-CLYS": "1089", "HB2-HYP": "1261", "HE3-CLYS": "1090", "O-NCYS": "87", "HB3-GLH": "532", "O-NCYX": "99", "HD1-NTRP": "366", "CG1-VAL": "841", "HA-NALA": "12", "HB2-NTYR": "388", "H2-NVAL": "406", "HG21-CVAL": "1237", "OXT-CTRP": "1203", "O-CHIP": "1033", "HG23-ILE": "642", "N-CTHR": "1164", "C-THR": "788", "HG21-NTHR": "348", "CA-NASP": "65", "HA-TRP": "793", "HD2-NPHE": "307", "CB-CARG": "866", "NE2-CGLN": "950", "C-NSER": "337", "CZ-CPHE": "1128", "HE-ARG": "446", "HE21-NGLN": "115", "CG-NASN": "54", "N-NASN": "45", "CB-HIE": "602", "CB-HID": "585", "OE1-GLH": "537", "HB2-CALA": "857", "HD1-HID": "590", "N-CHID": "980", "CA-NMET": "273", "H1-ACE": "1", "HD2-CHIE": "1012", "CB-HIP": "619", "HA-CHIP": "1019", "OXT-CTYR": "1225", "N-CHIP": "1016", "O-CASP": "913", "OXT-CPHE": "1136", "CA-NPRO": "322", "OE1-GLU": "570", "HH11-NARG": "38", "O-NTYR": "403", "CG-NASP": "70", "N-NASP": "61", "HE2-GLH": "539", "HD2-NHID": "161", "HD2-NHIE": "180", "HD22-HYP": "1254", "HA2-CGLY": "975", "H-SER": "766", "C-ACE": "5", "CB-PRO": "758", "H-CPHE": "1117", "HG23-NILE": "214", "NE1-NTRP": "367", "HB3-SER": "771", "CB-NALA": "13", "HD2-NHIP": "200", "CB-CHID": "984", "HD13-NLEU": "238", "HE2-CHIE": "1010", "NE1-CTRP": "1189", "NH2-NARG": "40", "O-NASP": "74", "OD2-ASH": "465", "HB2-LEU": "657", "HG21-THR": "783", "N-TRP": "790", "HD1-CTRP": "1188", "CD1-NILE": "218", "OXT-CASN": "901", "SG-CCYS": "922", "HB2-CPHE": "1121", "HA-NILE": "208", "OXT-CASP": "914", "N-NVAL": "404", "O-MET": "730", "HN1-NHE": "1244", "OD2-ASP": "492", "H2-NARG": "21", "HA-CARG": "865", "O-NASN": "60", "H3-NVAL": "407", "H-CASP": "903", "OD1-NASP": "71", "H-MET": "715", "O-TYR": "834", "HB3-GLU": "565", "HD1-CTYR": "1213", "O-CVAL": "1241", "NE2-NHIE": "177", "NE2-NHID": "159", "HG3-NPRO": "318", "HD2-LYS": "703", "OD1-NASN": "55", "CG-CHID": "987", "CH3-ACE": "2", "HA3-GLY": "578", "HD23-CLEU": "1071", "H2-NMET": "271", "C-CTYR": "1223", "CB-NGLU": "125", "HB2-CYX": "521", "CG2-CTHR": "1170", "HD22-LEU": "667", "N-NALA": "7", "NE2-NGLN": "114", "HE2-NLYS": "261", "CA-NLEU": "228", "CG-NPRO": "316", "CB-NGLN": "106", "NE-CARG": "875", "HB-CTHR": "1169", "CA-NVAL": "408", "HH11-CARG": "879", "HA-NSER": "331", "N-ARG": "432", "HD1-CHIP": "1025", "CG-ARG": "439", "HG3-NGLN": "111", "CB-ASP": "487", "CD-NLYS": "257", "CA-CGLN": "940", "HG3-NGLU": "130", "CB-LEU": "656", "HD2-CHIP": "1031", "CG2-NILE": "211", "H-NME": "1247", "HB3-NPHE": "296", "N-NGLN": "100", "CG-NGLN": "109", "CB-CCYS": "919", "N-NME": "1246", "H3-NMET": "272", "CE1-CHID": "990", "CE1-CHIE": "1007", "C-NALA": "17", "HA-NTHR": "344", "CB-CCYX": "931", "H-CYM": "496", "O-ARG": "455", "HB2-NPHE": "295", "CA-CASP": "904", "N-NGLY": "136", "HG13-VAL": "844", "CA-SER": "767", "CG-NGLU": "128", "N-NGLU": "119", "H-CYX": "517", "CE1-CHIP": "1026", "CG-CASN": "894", "H-GLH": "527", "CD-NARG": "31", "NE2-HID": "593", "OD1-ASP": "491", "H-GLN": "543", "SG-CCYX": "934", "HB-NVAL": "411", "HG23-CILE": "1044", "HB3-NGLN": "108", "HA-NGLU": "124", "NZ-NLYS": "263", "HG3-NLYS": "256", "HB3-CHIP": "1022", "HB2-CCYS": "920", "HB-NTHR": "346", "HA-NPHE": "293", "HG2-NARG": "29", "CG-HIE": "605", "OD1-ASN": "477", "HB2-TYR": "819", "C-CLYS": "1095", "H-GLU": "560", "CB-NASP": "67", "OD1-ASH": "464", "H-CVAL": "1227", "HD2-HIE": "612", "HD2-HID": "595", "HG2-GLN": "550", "CE2-TYR": "829", "HG2-GLH": "534", "CD-CGLU": "966", "HD1-NHID": "156", "HD3-LYS": "704", "HB3-NSER": "334", "HG13-ILE": "645", "HB2-CCYX": "932", "HB2-CMET": "1103", "HD1-NHIP": "194", "HH2-CTRP": "1195", "HD2-HIP": "630", "O-NLEU": "244", "HG2-GLU": "567", "CE2-PHE": "745", "HB3-ARG": "438", "CG-NLYS": "254", "N-NLYS": "245", "HE-CARG": "876", "HA-NCYS": "80", "HB2-HIE": "603", "HB2-HID": "586", "HB2-CARG": "867", "H-CARG": "863", "O-CGLU": "970", "ND1-NHIP": "193", "HD2-CPRO": "1139", "NH2-ARG": "451", "CA-CTHR": "1166", "HG11-CVAL": "1233", "HE1-CTYR": "1215", "N-NCYX": "88", "CG-LEU": "659", "H1-NPHE": "289", "N-NCYS": "75", "CA-TRP": "792", "ND1-NHIE": "174", "ND1-NHID": "155", "HB3-NTYR": "389", "CB-GLH": "530", "HD12-ILE": "648", "CB-GLN": "546", "H2-NHIE": "166", "H2-NHID": "147", "OXT-CCYS": "926", "HH31-NME": "1249", "N-CCYS": "915", "OE1-CGLU": "967", "CD1-NTYR": "391", "HE2-NMET": "284", "HG23-NVAL": "419", "HG12-CVAL": "1234", "CB-GLU": "563", "H2-NHIP": "185", "HE2-MET": "727", "HG13-CILE": "1047", "O-GLN": "558", "O-NMET": "287", "HB3-NCYS": "83", "HG3-GLH": "535", "CZ-NTYR": "395", "HG2-CPRO": "1142", "O-CPHE": "1135", "CA-MET": "716", "CG-HIP": "622", "CA-CASN": "889", "H1-NVAL": "405", "N-HIP": "615", "N-CSER": "1152", "HG2-CARG": "870", "O-THR": "789", "HG2-CGLN": "946", "CG-HID": "588", "NE-NARG": "34", "N-HIE": "598", "N-HID": "581", "HA3-CGLY": "976", "HG1-THR": "787", "CA-CCYS": "917", "N-NHIE": "164", "HB3-NCYX": "96", "NZ-LYN": "687", "OH-NTYR": "396", "OE1-GLN": "553", "HH-TYR": "828", "H1-NLEU": "225", "HD22-CHYP": "1269", "HD11-LEU": "662", "HB2-NSER": "333", "HA-NCYX": "93", "HA-GLH": "529", "HG-SER": "773", "HE3-LYS": "707", "N-CPHE": "1116", "CZ-CTYR": "1216", "CB-CALA": "855", "CB-NLYS": "251", "O-CLYS": "1096", "CZ3-NTRP": "374", "HB2-PHE": "736", "HZ-NPHE": "303", "HA-CTHR": "1167", "CA-LYS": "694", "H2-NTHR": "341", "C-NGLN": "117", "HG11-VAL": "842", "HA-PHE": "734", "CZ-NPHE": "302", "CE3-CTRP": "1198", "CD2-HIP": "629", "O-CLEU": "1073", "CA-NTYR": "385", "C-NGLY": "143", "HD21-CLEU": "1069", "CE2-NTRP": "369", "CD2-HID": "594", "HD3-ARG": "444", "N-NSER": "326", "C-NGLU": "134", "CG-TRP": "797", "HE1-HIE": "608", "C-CYX": "524", "HB3-CYX": "522", "NE2-CHID": "992", "HZ3-TRP": "808", "HG3-ARG": "441", "HE2-HIE": "610", "CA-CYM": "497", "HB3-CYS": "511", "HB3-CYM": "500", "HB2-GLN": "547", "CA-CYS": "507", "C-CYM": "503", "HE1-HIP": "626", "CD-NGLU": "131", "CA-CYX": "518", "HG3-PRO": "757", "HD2-NPRO": "314", "HE2-HIP": "628", "CB-CPRO": "1144", "O-ACE": "6", "H-CGLY": "973", "O-NTHR": "354", "HD2-CTYR": "1222", "CA-GLN": "544", "N-NTYR": "381", "CZ3-TRP": "807", "OG1-THR": "786", "CA-CCYX": "929", "OE2-GLH": "538", "HD3-NARG": "33", "CB-TYR": "818", "OE2-GLU": "571", "HA-CPRO": "1148", "CA-GLY": "576", "CG1-CILE": "1045", "O-HYP": "1266", "HD13-CLEU": "1067", "CB-NPHE": "294", "HD3-CPRO": "1140", "HZ-CPHE": "1129", "HD22-ASN": "480", "HB2-NGLU": "126", "OD1-CASP": "910", "CD2-NHIP": "199", "CG-NLEU": "233", "N-NLEU": "224", "H3-ACE": "4", "CE-CMET": "1109", "HE2-LYN": "685", "H2-NASP": "63", "HA-CGLN": "941", "CD-NGLN": "112", "HB3-NGLU": "127", "C-CTRP": "1201", "HB2-ALA": "428", "HB3-CALA": "858", "H2-NASN": "47", "CD2-NHIE": "179", "CD2-NHID": "160", "O-NARG": "44", "OXT-CALA": "861", "HB2-NGLN": "107", "OD1-CASN": "895", "N-CPRO": "1137", "CE2-CPHE": "1130", "HH12-NARG": "39", "CE2-NPHE": "304", "SD-MET": "724", "ND1-CHID": "988", "HG-NLEU": "234", "HG2-CGLU": "964", "NH1-CARG": "878", "CA-NARG": "23", "HH22-CARG": "883", "HA-CMET": "1101", "HD22-NASN": "58", "HZ3-LYS": "711", "ND1-CHIP": "1024", "CG-NPHE": "297", "HG13-CVAL": "1235", "N-CGLN": "938", "CA-CMET": "1100", "C-TYR": "833", "OH-TYR": "827", "HD12-CLEU": "1066", "HA-CVAL": "1229", "HD11-CLEU": "1065", "HB3-NALA": "16", "HA-CASN": "890", "HA-SER": "768", "HB2-NCYX": "95", "CB-MET": "718", "CD2-CLEU": "1068", "OXT-CTHR": "1178", "HB2-NCYS": "82", "HE3-NMET": "285", "CB-ALA": "426", "OXT-CPRO": "1151", "CG-CLYS": "1082", "HA-HYP": "1264", "CA-PRO": "761", "HE21-CGLN": "951", "HB-CILE": "1040", "HB2-TRP": "795", "HE2-CHIP": "1029", "NH1-NARG": "37", "C-LEU": "669", "N-ASH": "456", "O-CCYS": "925", "CG-ASH": "463", "HH32-NME": "1250", "CG-ASN": "476", "N-ASN": "469", "HG22-CVAL": "1238", "CA-NTHR": "343", "HB3-LYS": "698", "HG13-NILE": "217", "OD2-NASP": "72", "HD1-NTYR": "392", "HD3-NLYS": "259", "HG21-ILE": "640", "HB3-LYN": "677", "H2-NCYS": "77", "HB2-MET": "719", "HE1-NMET": "283", "N-ASP": "483", "H-ARG": "433", "HB1-ALA": "427", "HG22-NTHR": "349", "H2-NCYX": "90", "NE2-NHIP": "197", "CB-NTYR": "387", "CD2-HIE": "611", "HA-CCYX": "930", "OXT-CILE": "1054", "CE2-CTYR": "1219", "CD2-CHID": "993", "CD2-CHIE": "1011", "CB-NLEU": "230", "HB3-NLYS": "253", "CZ-ARG": "447", "HA-CCYS": "918", "NE2-GLN": "554", "HD13-ILE": "649", "O-CMET": "1114", "C-HYP": "1265", "CA-CALA": "853", "CD2-CHIP": "1030", "C-CCYX": "935", "HB3-CHID": "986", "HB3-CHIE": "1004", "C-ASP": "493", "C-VAL": "849", "NE2-CHIP": "1028", "H-ALA": "423", "HE1-HID": "592", "OXT-CHIP": "1034", "HG2-PRO": "756", "H-CCYS": "916", "CD-GLH": "536", "CG-MET": "721", "CG-CHIP": "1023", "HE3-NLYS": "262", "HE1-NPHE": "301", "OH-CTYR": "1217", "H3-NILE": "206", "HA-CLEU": "1058", "CD1-TRP": "798", "HZ1-LYS": "709", "C-NLYS": "267", "CA-NGLU": "123", "CD1-TYR": "822", "H1-NHID": "146", "H1-NHIE": "165", "OE1-CGLN": "949", "CZ2-TRP": "803", "OD1-CHYP": "1273", "CG-PRO": "755", "NH1-ARG": "448", "CH2-CTRP": "1194", "HB3-HID": "587", "CA-NGLY": "140", "H1-NHIP": "184", "HE1-CHID": "991", "HB3-HIE": "604", "H3-NALA": "10", "N-THR": "776", "H1-NLYS": "246", "CA-NGLN": "104", "CB-ASH": "460", "CB-ASN": "473", "C-CYS": "514", "HE1-CPHE": "1127", "HD11-ILE": "647", "CB-NPRO": "319", "N-NHID": "145", "CG-NHID": "154", "O-GLH": "541", "HB2-GLU": "564", "HA2-NGLY": "141", "C-CASN": "899", "N-NHIP": "183", "CG-NHIP": "192", "HG2-NPRO": "317", "HA-CLYS": "1078", "CE3-TRP": "809", "O-GLY": "580", "HH-NTYR": "397", "O-GLU": "573", "N-CHIE": "998", "CD-CPRO": "1138", "HZ3-CTRP": "1197", "N-NPHE": "288", "H1-NILE": "204", "C-CSER": "1161", "H1-NGLN": "101", "H2-NLEU": "226", "CA-ILE": "635", "CB-LYN": "675", "O-CPRO": "1150", "H1-NGLY": "137", "C-CPHE": "1134", "CB-LYS": "696", "CZ-TYR": "826", "HG22-ILE": "641", "HB3-PHE": "737", "H1-NGLU": "120", "N-CLEU": "1055", "C-CHYP": "1280", "HA-CYX": "519", "O-CGLY": "978", "C-CTHR": "1176", "HB3-NPRO": "321", "HB3-HYP": "1262", "C-CCYS": "924", "H2-NTYR": "383", "H-TRP": "791", "CA-CPHE": "1118", "HB3-PRO": "760", "HE1-CHIP": "1027", "HE3-TRP": "810", "HE1-TYR": "825", "H-CSER": "1153", "CB-CGLU": "960", "C-NMET": "286", "CD1-PHE": "739", "CD2-CPHE": "1132", "H-HIE": "599", "H-HID": "582", "C-CHIE": "1013", "OD1-HYP": "1258", "HB2-NPRO": "320", "HE1-NTRP": "368", "HD21-NLEU": "240", "H-HIP": "616", "CD2-CTYR": "1221", "HE2-CPHE": "1131", "HG-CYS": "513", "N-MET": "714", "C-ILE": "650", "HE3-NTRP": "377", "NE1-TRP": "800", "N-HYP": "1252", "CE-LYS": "705", "HZ2-TRP": "804", "O-SER": "775", "HG-CSER": "1160", "CE2-TRP": "802", "CA-NALA": "11", "HH12-CARG": "880", "CB-CTYR": "1208", "CA-GLH": "528", "HE1-PHE": "742", "HE3-CTRP": "1199", "N-CHYP": "1267", "HB3-TRP": "796", "CB-NCYX": "94", "CA-ARG": "434", "C-NTRP": "379", "CZ-CARG": "877", "CE-LYN": "684", "CB-CASP": "906", "CB-NCYS": "81", "HB1-CALA": "856", "HD22-CLEU": "1070", "CE1-CPHE": "1126", "H3-NASN": "48", "CA-NILE": "207", "CA-CSER": "1154", "O-CYS": "515", "HB2-CHID": "985", "CA-HYP": "1263", "HB3-CTRP": "1185", "HA2-GLY": "577", "HE22-NGLN": "116", "O-CYX": "525", "HG3-CGLN": "947", "CE1-CTYR": "1214", "H3-NTRP": "358", "CB-NASN": "51", "O-CYM": "504", "HD23-CHYP": "1270", "CA-NSER": "330", "HD11-CILE": "1049", "H3-NASP": "64", "HA-NVAL": "409", "H2-ACE": "3", "HZ2-NLYS": "265", "CB-CTRP": "1183", "CA-ALA": "424", "N-CASN": "887", "H2-NPHE": "290", "HA-ASP": "486", "H3-NGLY": "139", "CB-NARG": "25", "HD2-PHE": "748", "HA-ASH": "459", "HB2-LYN": "676", "HB2-NMET": "276", "HA-ASN": "472", "CZ-PHE": "743", "N-CASP": "902", "CG-CASP": "909", "HB3-LEU": "658", "H3-NGLN": "103", "N-NPRO": "310", "OXT-CGLY": "979", "N-LYS": "692", "CG2-CVAL": "1236", "CG-LYS": "699", "HG-HYP": "1257", "SG-CYM": "502", "HG2-CMET": "1106", "O-NTRP": "380", "CA-CHYP": "1278", "CA-LYN": "673", "ND2-CASN": "896", "SG-CYS": "512", "CA-NLYS": "249", "C-NVAL": "420", "HB2-NALA": "15", "N-LYN": "671", "HB3-NLEU": "232", "SG-CYX": "523", "CB-NHID": "151", "CB-NHIE": "170", "O-ILE": "651", "CA-NASN": "49", "CA-CGLY": "974", "NH2-CARG": "881", "HD2-CLYS": "1086", "HB2-NHIP": "190", "O-NHIE": "182", "O-NHID": "163", "O-CHIE": "1014", "NE-ARG": "445", "CB-NSER": "332", "HA-LEU": "655", "CB-NHIP": "189", "C-NPRO": "324", "HB2-NHID": "152", "HB2-NHIE": "171", "O-CHID": "996", "O-NHIP": "202", "CB-THR": "780", "CE1-HID": "591", "CA-CVAL": "1228", "HA-NHIP": "188", "HB2-LYS": "697", "CE1-HIE": "607", "CD-HYP": "1253", "H2-NALA": "9", "HB2-NARG": "26", "HB3-NASP": "69", "H1-NMET": "270", "HB3-NHIP": "191", "H-THR": "777", "HB3-CMET": "1104", "H1-NALA": "8", "HH2-NTRP": "373", "HA-NHID": "150", "HA-NHIE": "169", "HB3-NASN": "53", "C-NCYS": "86", "HA-ALA": "425", "C-CVAL": "1240", "CA-GLU": "561", "C-NCYX": "98", "HB3-NHIE": "172", "HB3-NHID": "153", "HB2-PRO": "759", "O-CTYR": "1224", "CH2-NTRP": "372", "CA-CARG": "864", "N-CALA": "851", "O-CTHR": "1177", "HG22-NVAL": "418", "CE1-NHID": "157", "OG1-NTHR": "351", "HZ2-CTRP": "1193", "CB-CYM": "499", "CB-CYS": "509", "HG11-NVAL": "413", "HD1-HYP": "1259", "HA-CHYP": "1279", "CB-CYX": "520", "CA-CGLU": "958", "OG-SER": "772", "CB-ILE": "637", "HH22-ARG": "453", "O-HIP": "632", "CA-HID": "583", "CA-HIE": "600", "HD12-NILE": "220", "N-CMET": "1098", "CG-CMET": "1105", "NZ-CLYS": "1091", "O-NPHE": "309", "H2-NLYS": "247", "CA-CILE": "1037", "HD12-LEU": "663", "N-LEU": "652", "HB2-CSER": "1157", "C-ASN": "481", "CA-CLYS": "1077", "HB2-CHIP": "1021", "H-ILE": "634", "ND1-HIP": "623", "H-CHIP": "1017", "HD22-CASN": "898", "HG23-THR": "785", "HB3-HIP": "621", "HG2-NGLN": "110", "O-CCYX": "936", "N-CLYS": "1075", "HA-VAL": "838", "H1-NTRP": "356", "HD2-ARG": "443", "HB2-GLH": "531", "CE-NLYS": "260", "ND1-HIE": "606", "CD1-NTRP": "365", "HG2-NGLU": "129", "HB3-CTYR": "1210", "O-NALA": "18", "O-LYS": "713", "CG-NHIE": "173", "H1-NASP": "62", "HB2-ARG": "437", "HB3-ASP": "489", "OG1-CTHR": "1174", "CE1-PHE": "741", "H2-NPRO": "311", "HB2-SER": "770", "HA-ILE": "636", "HG2-LYN": "679", "CB-ARG": "436", "CB-NTHR": "345", "CD1-CLEU": "1064", "H-GLY": "575", "HD3-NPRO": "315", "O-LYN": "691", "H1-NASN": "46", "HB1-NALA": "14", "H3-NCYX": "91", "HD23-HYP": "1255", "CB-HYP": "1260", "HG2-LYS": "700", "N-CILE": "1035", "HG3-NARG": "30", "CD2-TRP": "811", "H1-NTYR": "382", "HD13-LEU": "664", "CG2-ILE": "639", "CD2-LEU": "665", "N-PHE": "731", "CG-PHE": "738", "HD1-HIP": "624", "O-CHYP": "1281", "N-TYR": "814", "CG-TYR": "821", "CA-NCYS": "79", "C-CMET": "1113", "CD-NPRO": "313", "H-CTYR": "1205", "H-CTRP": "1180", "C-MET": "729", "O-CILE": "1053", "O-PHE": "750", "NE2-CHIE": "1009", "O-CSER": "1162", "HE2-NTYR": "399", "O-ASH": "468", "CG-CHIE": "1005", "CB-CVAL": "1230", "CD-CHYP": "1268", "H3-NCYS": "78", "HE21-GLN": "555", "ND2-NASN": "56", "HA-MET": "717", "O-CALA": "860", "C-NPHE": "308", "HG3-CARG": "871", "C-CALA": "859", "HE1-NTYR": "394", "N-NTHR": "339", "HB3-ASH": "462", "CD1-NPHE": "298", "CD-LYN": "681", "HE2-CMET": "1111", "N-CYS": "505", "CE3-NTRP": "376", "HZ2-NTRP": "371", "HG12-CILE": "1046", "C-LYN": "690", "N-CYX": "516", "HD2-LYN": "682", "HE-NARG": "35", "HA-NLEU": "229", "CD-LYS": "702", "N-CYM": "495", "N-CVAL": "1226", "HZ2-CLYS": "1093", "HH33-NME": "1251", "H2-NGLY": "138", "SD-CMET": "1108", "H-LEU": "653", "C-CGLU": "969", "CD2-NLEU": "239", "H-CYS": "506", "CD2-TYR": "831", "CG1-ILE": "643", "HA-GLU": "562", "ND1-CHIE": "1006", "H2-NGLU": "121", "HG12-ILE": "644", "HD1-CHID": "989", "CA-THR": "778", "HG12-NVAL": "414", "HA-NPRO": "323", "H3-NSER": "329", "C-PHE": "749", "HE3-MET": "728", "H2-NGLN": "102", "HB2-CLYS": "1080", "CG-CLEU": "1062", "OXT-CHYP": "1282", "C-CGLN": "953", "CA-CLEU": "1057", "CG-CGLN": "945", "CG-NMET": "278", "HE2-NHIP": "198", "HG-CHYP": "1272", "HH-CTYR": "1218", "HG21-VAL": "846", "HA-LYN": "674", "HZ3-LYN": "689", "SG-NCYX": "97", "H-ASP": "484", "H-ASN": "470", "HB2-NTRP": "362", "HB-CVAL": "1231", "N-ALA": "422", "HB2-CTYR": "1209", "HG21-NILE": "212", "C-NTYR": "402", "N-CGLU": "956", "CG-CGLU": "963", "HD1-PHE": "740", "HH21-NARG": "41", "HG21-CILE": "1042", "HB3-TYR": "820", "HB-ILE": "638", "HB2-CHIE": "1003", "HD13-CILE": "1051", "CE1-TYR": "824", "CD2-PHE": "747", "CB-CHIP": "1020", "C-HID": "596", "C-HIE": "613", "HB3-CLYS": "1081", "HG13-NVAL": "415", "HG21-CTHR": "1171", "HB3-MET": "720", "CB-CHIE": "1002", "HB2-NLEU": "231", "C-HIP": "631", "OXT-CVAL": "1242", "HA-CYM": "498", "HA-CGLU": "959", "HB-VAL": "840", "HD2-NLYS": "258", "H-CMET": "1099", "HD2-CPHE": "1133", "N-CARG": "862", "CG-CARG": "869", "CA-CPRO": "1147", "HD23-NLEU": "242", "HA-TYR": "817", "C-ASH": "467", "HD3-CARG": "874", "HD22-NLEU": "241", "CG2-NTHR": "347", "HZ2-LYN": "688", "HA-ARG": "435", "O-CASN": "900", "HA-HIP": "618", "CG-CPRO": "1141", "OXT-CARG": "886", "N-CTRP": "1179", "CG-CTRP": "1186", "HE2-LYS": "706", "O-NGLN": "118", "CA-NHIE": "168", "CA-NHID": "149", "O-NILE": "223", "NZ-LYS": "708", "HG1-CTHR": "1175", "CE2-NTYR": "398", "O-NGLU": "135", "HG22-NILE": "213", "HD21-NASN": "57", "HA-HIE": "601", "HA-HID": "584", "HG3-CGLU": "965", "O-CGLN": "954", "C-TRP": "812", "O-NPRO": "325", "O-NGLY": "144", "CA-NHIP": "187", "H3-NTYR": "384", "CG-GLH": "533", "HA-CILE": "1038", "HN2-NHE": "1245", "NE2-HIE": "609", "CG2-CILE": "1041", "H-CGLU": "957", "ND2-ASN": "478", "HG-NSER": "336", "H-CILE": "1036", "HG12-VAL": "843", "C-CLEU": "1072", "H-CGLN": "939", "HA-CSER": "1155", "HG22-VAL": "847", "HE1-TRP": "801", "CA-NPHE": "292", "HG-NCYS": "85", "HB3-CARG": "868", "H3-NPHE": "291", "HB3-ALA": "429", "HB3-CPRO": "1146", "N-VAL": "835", "HB-NILE": "210", "HA-NARG": "24", "OG-CSER": "1159", "HE2-NPHE": "305", "CD-CARG": "872", "O-LEU": "670", "H-CLEU": "1056", "OXT-CHID": "997", "OXT-CHIE": "1015", "C-NASN": "59", "HD1-TRP": "799", "CG-HYP": "1256", "CG2-THR": "782", "CG1-NVAL": "412", "CD1-LEU": "661", "HG3-LYS": "701", "H-LYN": "672", "HB3-CCYS": "921", "CZ-NARG": "36", "HD2-CARG": "873", "HA-NLYS": "250", "CB-TRP": "794", "HG3-CPRO": "1143", "CD1-ILE": "646", "CE1-HIP": "625", "HB3-CCYX": "933", "H1-NCYS": "76", "HZ2-LYS": "710", "CB-NTRP": "361", "O-NLYS": "268", "HG23-CTHR": "1173", "O-CTRP": "1202", "H2-NILE": "205", "H1-NCYX": "89", "N-PRO": "751", "CG2-NVAL": "416", "HG3-LYN": "680", "OG-NSER": "335", "HG1-NTHR": "352", "O-ASP": "494", "CG1-NILE": "215", "CA-LEU": "654", "HH21-CARG": "882", "HE2-PHE": "746", "H3-NGLU": "122", "HD1-CPHE": "1125", "H-CHID": "981", "H-PHE": "732", "HD11-NILE": "219", "OXT-CGLN": "955", "O-HID": "597", "O-HIE": "614", "H1-NSER": "327", "HD13-NILE": "221", "C-NASP": "73", "HD11-NLEU": "236", "O-ASN": "482", "C-ARG": "454", "HH22-NARG": "42", "H-TYR": "815", "HD2-NTYR": "401", "CG-CPHE": "1123", "HZ1-NLYS": "264", "HA-CHID": "983", "CA-VAL": "837", "HG22-THR": "784", "HD3-PRO": "754", "HG3-CMET": "1107", "HE1-CHIE": "1008", "OXT-CCYX": "937", "HA-CYS": "508", "H-CTHR": "1165", "CA-ASP": "485", "HD2-PRO": "753", "OXT-CLYS": "1097", "N-CCYX": "927", "N-SER": "765", "CA-ASN": "471", "CB-CTHR": "1168", "CA-ASH": "458", "HG22-CTHR": "1172", "CB-CLEU": "1059", "H3-NLYS": "248", "CB-VAL": "839", "HG-CLEU": "1063", "HB2-CTRP": "1184", "O-NSER": "338", "O-CARG": "885", "CB-NVAL": "410", "HD2-NARG": "32", "CA-NTRP": "359", "N-GLH": "526", "N-GLN": "542", "CG-NARG": "28", "N-NARG": "19", "HB2-NLYS": "252", "H3-NARG": "22", "O-ALA": "431", "N-GLY": "574", "OXT-CGLU": "971", "NE2-HIP": "627", "CG2-VAL": "845", "H-LYS": "693", "C-CGLY": "977", "HG22-CILE": "1043", "HB3-NMET": "277", "CB-PHE": "735", "CG-GLU": "566", "N-GLU": "559", "O-NVAL": "421"}